City_ID,City,Lat,Lng,Max Temp,Humidity,Cloudiness,Wind Speed,Country,Date
0,arraial do cabo,-22.9661,-42.0278,23.53,82,15,1.3,BR,2023-04-06
1,bagotville,-28.9833,153.4167,19.8,77,33,2.16,AU,2023-04-06
2,kaitangata,-46.2817,169.8464,8.85,78,44,3.63,NZ,2023-04-06
3,east london,-33.0153,27.9116,25.52,61,0,5.14,ZA,2023-04-06
4,bluff,-46.6,168.3333,9.86,53,75,5.63,NZ,2023-04-06
5,salinas,36.6777,-121.6555,7.82,82,0,2.57,US,2023-04-06
6,solginskiy,61.05,41.3428,-0.48,82,99,3.3,RU,2023-04-06
7,hermanus,-34.4187,19.2345,25.43,43,67,1.31,ZA,2023-04-06
8,alice springs,-23.7,133.8833,34.56,21,4,5.66,AU,2023-04-06
9,vaini,-21.2,-175.2,26.09,94,75,3.09,TO,2023-04-06
10,rikitea,-23.1203,-134.9692,25.3,72,7,4.37,PF,2023-04-06
11,pevek,69.7008,170.3133,-24.19,92,9,1.58,RU,2023-04-06
12,albany,42.6001,-73.9662,10.17,93,100,0.89,US,2023-04-06
13,geraldton,-28.7667,114.6,26.23,29,0,6.69,AU,2023-04-06
14,dikson,73.5069,80.5464,-24.31,92,100,6.64,RU,2023-04-06
15,nemuro,43.3236,145.575,5.17,95,100,10.21,JP,2023-04-06
16,batemans bay,-35.7167,150.1833,21.72,78,100,3.58,AU,2023-04-06
17,laguna,38.421,-121.4238,9.06,80,0,2.06,US,2023-04-06
18,hilo,19.7297,-155.09,20.9,85,40,2.06,US,2023-04-06
19,kupino,54.3663,77.2981,13.55,51,7,5.67,RU,2023-04-06
20,havoysund,70.9963,24.6622,5.13,83,100,4.64,NO,2023-04-06
21,killybegs,54.6333,-8.45,8.84,68,10,5.64,IE,2023-04-06
22,villa rica,33.7321,-84.9191,20.44,95,99,1.41,US,2023-04-06
23,luena,-11.7833,19.9167,23.1,73,100,6.17,AO,2023-04-06
24,upernavik,72.7868,-56.1549,-29.44,100,68,1.32,GL,2023-04-06
25,udachnyy,66.4167,112.4,-5.86,52,100,6.19,RU,2023-04-06
26,luanda,-8.8368,13.2343,29.0,74,75,3.09,AO,2023-04-06
27,monte patria,-30.6919,-70.9467,19.22,51,39,0.76,CL,2023-04-06
28,skjeberg,59.2333,11.2,3.08,84,100,4.45,NO,2023-04-06
29,cape town,-33.9258,18.4232,25.62,74,0,1.03,ZA,2023-04-06
30,dutlwe,-23.9833,23.9,26.23,35,0,5.39,BW,2023-04-06
31,georgetown,5.4112,100.3354,32.96,66,20,4.63,MY,2023-04-06
32,avarua,-21.2078,-159.775,24.03,83,23,2.06,CK,2023-04-06
33,kamakwie,9.5,-12.2333,28.77,46,84,1.62,SL,2023-04-06
34,janakkala,60.9,24.6,6.0,92,100,3.68,FI,2023-04-06
35,general roca,-39.0333,-67.5833,18.12,39,26,2.25,AR,2023-04-06
36,qaanaaq,77.484,-69.3632,-29.07,74,15,2.89,GL,2023-04-06
37,new norfolk,-42.7826,147.0587,16.72,91,100,1.28,AU,2023-04-06
38,klaksvik,62.2266,-6.589,7.51,95,100,1.7,FO,2023-04-06
39,esperance,-33.8667,121.9,18.23,68,36,5.99,AU,2023-04-06
40,butaritari,3.0707,172.7902,27.68,82,85,7.65,KI,2023-04-06
41,ilulissat,69.2167,-51.1,-15.99,60,4,3.6,GL,2023-04-06
42,busselton,-33.65,115.3333,21.54,55,78,5.56,AU,2023-04-06
43,asau,46.4333,26.4,-0.4,92,100,1.86,RO,2023-04-06
44,grand gaube,-20.0064,57.6608,30.22,70,20,5.03,MU,2023-04-06
45,samana,19.2056,-69.3369,22.51,85,8,4.48,DO,2023-04-06
46,yashkul,46.1711,45.3435,17.45,35,100,0.47,RU,2023-04-06
47,buala,-8.145,159.5921,27.31,78,100,1.1,SB,2023-04-06
48,matadi,-5.8167,13.45,29.62,74,97,1.49,CD,2023-04-06
49,sibiti,-3.6819,13.3499,25.82,78,100,1.3,CG,2023-04-06
50,palafrugell,41.9174,3.1631,13.53,40,100,0.45,ES,2023-04-06
51,hobart,-42.8794,147.3294,16.92,85,75,2.06,AU,2023-04-06
52,kavieng,-2.5744,150.7967,27.96,76,70,3.8,PG,2023-04-06
53,bengkulu,-3.8004,102.2655,28.58,68,25,3.35,ID,2023-04-06
54,katsuura,35.1333,140.3,18.22,76,49,11.17,JP,2023-04-06
55,katobu,-4.9408,122.5276,27.33,80,100,2.28,ID,2023-04-06
56,barrow,71.2906,-156.7887,-22.99,84,100,3.09,US,2023-04-06
57,tasiilaq,65.6145,-37.6368,-4.91,93,100,5.46,GL,2023-04-06
58,ushuaia,-54.8,-68.3,5.81,70,0,1.03,AR,2023-04-06
59,punta arenas,-53.15,-70.9167,3.06,70,20,4.63,CL,2023-04-06
60,cairns,-16.9167,145.7667,27.97,78,40,1.54,AU,2023-04-06
61,nikolskoye,59.7035,30.7861,1.94,95,100,2.81,RU,2023-04-06
62,kaeo,-35.1,173.7833,16.29,91,100,5.85,NZ,2023-04-06
63,olinda,-8.0089,-34.8553,26.85,74,40,3.09,BR,2023-04-06
64,shimanovsk,52.0,127.7,5.19,43,100,1.25,RU,2023-04-06
65,provideniya,64.3833,-173.3,-22.0,100,43,3.33,RU,2023-04-06
66,saint george,37.1041,-113.5841,4.41,43,0,4.63,US,2023-04-06
67,kyra,49.5776,111.9753,-1.12,33,100,8.14,RU,2023-04-06
68,tuktoyaktuk,69.4541,-133.0374,-14.55,96,100,3.75,CA,2023-04-06
69,wagar,16.1525,36.2032,33.64,15,88,6.7,SD,2023-04-06
70,santiago del estero,-27.7951,-64.2615,19.01,88,100,0.93,AR,2023-04-06
71,atuona,-9.8,-139.0333,27.26,71,9,7.99,PF,2023-04-06
72,saint-joseph,-21.3667,55.6167,29.21,79,95,3.51,RE,2023-04-06
73,port alfred,-33.5906,26.891,27.83,44,2,6.37,ZA,2023-04-06
74,gondanglegi,-7.7479,112.0132,27.57,81,100,4.69,ID,2023-04-06
75,saurimo,-9.6608,20.3916,24.37,65,98,2.04,AO,2023-04-06
76,yulara,-25.2406,130.9889,29.4,22,0,7.47,AU,2023-04-06
77,cabra,37.4725,-4.4421,16.02,31,54,0.95,ES,2023-04-06
78,nouadhibou,20.931,-17.0347,17.99,77,0,7.2,MR,2023-04-06
79,kuusamo,65.9667,29.1833,3.02,44,0,1.03,FI,2023-04-06
80,yarmouth,41.7057,-70.2286,8.31,98,100,2.06,US,2023-04-06
81,cape coast,5.1053,-1.2466,28.57,72,92,2.82,GH,2023-04-06
82,homer,59.6425,-151.5483,-0.06,77,0,6.69,US,2023-04-06
83,nautanwa,27.4333,83.4167,36.69,8,44,3.21,IN,2023-04-06
84,palmer,42.1584,-72.3287,5.84,100,100,1.54,US,2023-04-06
85,fortuna,40.5982,-124.1573,8.7,83,100,3.13,US,2023-04-06
86,vardo,70.3705,31.1107,1.99,75,20,10.8,NO,2023-04-06
87,cabo san lucas,22.8909,-109.9124,19.73,76,3,2.09,MX,2023-04-06
88,leningradskiy,69.3833,178.4167,-28.21,98,10,2.95,RU,2023-04-06
89,mahebourg,-20.4081,57.7,30.16,66,40,4.63,MU,2023-04-06
90,yellowknife,62.456,-114.3525,-3.71,74,40,5.14,CA,2023-04-06
91,kirakira,-10.4544,161.9205,27.1,81,100,1.13,SB,2023-04-06
92,preobrazheniye,42.9019,133.9064,3.91,96,100,2.03,RU,2023-04-06
93,airai,-8.9266,125.4092,17.25,92,100,0.84,TL,2023-04-06
94,saldanha,-33.0117,17.9442,24.19,45,61,1.57,ZA,2023-04-06
95,lebu,-37.6167,-73.65,12.98,92,100,5.95,CL,2023-04-06
96,mataura,-46.1927,168.8643,6.19,72,82,1.67,NZ,2023-04-06
97,henties bay,-22.116,14.2845,20.32,71,5,3.96,NA,2023-04-06
98,jamestown,42.097,-79.2353,14.77,87,100,8.75,US,2023-04-06
99,samarai,-10.6167,150.6667,28.89,77,83,4.78,PG,2023-04-06
100,cidreira,-30.1811,-50.2056,21.16,72,100,5.66,BR,2023-04-06
101,mar del plata,-38.0023,-57.5575,19.37,78,0,7.15,AR,2023-04-06
102,grindavik,63.8424,-22.4338,2.97,93,40,4.12,IS,2023-04-06
103,diamantino,-14.4086,-56.4461,20.9,99,100,1.64,BR,2023-04-06
104,sitka,57.0531,-135.33,6.94,61,100,7.72,US,2023-04-06
105,kirensk,57.7853,108.1119,-1.95,81,100,5.04,RU,2023-04-06
106,mandera,3.9366,41.867,33.12,42,95,3.32,KE,2023-04-06
107,ahipara,-35.1667,173.1667,15.84,90,100,6.97,NZ,2023-04-06
108,carnarvon,-24.8667,113.6333,24.8,56,0,7.49,AU,2023-04-06
109,kodiak,57.79,-152.4072,0.73,69,75,2.06,US,2023-04-06
110,kizukuri,40.8061,140.3861,16.64,79,100,6.6,JP,2023-04-06
111,puerto ayora,-0.7393,-90.3518,23.64,99,97,1.79,EC,2023-04-06
112,jalu,29.0331,21.5482,27.89,12,76,9.58,LY,2023-04-06
113,lompoc,34.6391,-120.4579,6.44,91,0,2.06,US,2023-04-06
114,aleksandrovsk-sakhalinskiy,50.8975,142.1561,2.24,85,100,3.42,RU,2023-04-06
115,ancud,-41.8697,-73.8203,10.63,84,100,2.29,CL,2023-04-06
116,zeya,53.75,127.2667,-3.78,87,100,4.9,RU,2023-04-06
117,pochutla,15.7432,-96.4661,24.34,79,0,2.01,MX,2023-04-06
118,gonbad-e qabus,37.25,55.1672,24.95,41,75,5.14,IR,2023-04-06
119,ust-kuyga,70.0167,135.6,-16.64,96,100,0.42,RU,2023-04-06
120,saint-philippe,-21.3585,55.7679,29.77,79,90,3.75,RE,2023-04-06
121,hithadhoo,-0.6,73.0833,28.42,68,6,2.83,MV,2023-04-06
122,vung tau,10.346,107.0843,28.67,71,10,7.09,VN,2023-04-06
123,kapaa,22.0752,-159.319,23.18,87,75,8.23,US,2023-04-06
124,pisco,-13.7,-76.2167,23.03,83,0,4.63,PE,2023-04-06
125,port elizabeth,-33.918,25.5701,32.28,54,0,3.6,ZA,2023-04-06
126,faanui,-16.4833,-151.75,28.19,74,9,5.21,PF,2023-04-06
127,port said,31.2565,32.2841,18.99,68,0,1.03,EG,2023-04-06
128,sinazongwe,-17.2614,27.4618,25.88,62,93,4.85,ZM,2023-04-06
129,bhainsdehi,21.6467,77.6325,32.92,15,47,3.0,IN,2023-04-06
130,longyearbyen,78.2186,15.6401,-2.09,86,75,2.57,SJ,2023-04-06
131,clyde river,70.4692,-68.5914,-26.87,76,20,2.06,CA,2023-04-06
132,esmeraldas,-19.7625,-44.3139,21.48,93,21,1.52,BR,2023-04-06
133,dwarka,22.2394,68.9678,28.05,50,46,4.91,IN,2023-04-06
134,ginda,30.6945,78.4932,20.95,20,2,3.19,IN,2023-04-06
135,alanya,36.5438,31.9998,18.07,62,2,3.12,TR,2023-04-06
136,thinadhoo,0.5333,72.9333,28.45,66,8,2.63,MV,2023-04-06
137,sorong,-0.8833,131.25,26.87,77,100,3.67,ID,2023-04-06
138,ribeira grande,38.5167,-28.7,15.99,82,75,5.66,PT,2023-04-06
139,fort-shevchenko,44.5086,50.263,13.72,57,90,1.87,KZ,2023-04-06
140,tuatapere,-46.1333,167.6833,6.58,77,70,2.39,NZ,2023-04-06
141,ola,59.5833,151.2833,-6.03,96,100,1.5,RU,2023-04-06
142,dandong,40.1292,124.3947,13.1,30,50,3.44,CN,2023-04-06
143,jati,24.3539,68.2671,35.09,14,0,3.55,PK,2023-04-06
144,amapa,1.0,-52.0,19.18,99,100,0.94,BR,2023-04-06
145,mangrol,21.1167,70.1167,29.6,44,76,4.81,IN,2023-04-06
146,tiksi,71.6872,128.8694,-20.38,90,92,2.68,RU,2023-04-06
147,olafsvik,64.8945,-23.7142,4.26,75,58,4.52,IS,2023-04-06
148,maceio,-9.6658,-35.7353,23.69,94,40,1.54,BR,2023-04-06
149,labuhan,-6.8844,112.2051,29.39,70,40,2.52,ID,2023-04-06
150,oeiras do para,-2.0031,-49.8544,22.71,99,100,1.81,BR,2023-04-06
151,belmonte,-15.8631,-38.8828,23.22,90,41,1.56,BR,2023-04-06
152,san andres,12.5847,-81.7006,27.01,74,40,4.12,CO,2023-04-06
153,winslow,35.0242,-110.6974,-2.9,33,0,0.0,US,2023-04-06
154,tatarani,45.0,25.2667,7.06,55,100,2.41,RO,2023-04-06
155,rio gallegos,-51.6226,-69.2181,4.03,70,0,2.06,AR,2023-04-06
156,jiangyou,31.7667,104.7167,17.67,43,96,4.18,CN,2023-04-06
157,abtenau,47.5637,13.346,6.65,51,7,1.23,AT,2023-04-06
158,thompson,55.7435,-97.8558,-9.91,62,75,3.6,CA,2023-04-06
159,suntar,62.1444,117.6319,-5.21,93,100,3.85,RU,2023-04-06
160,aracuai,-16.8497,-42.0703,19.06,95,13,1.11,BR,2023-04-06
161,arona,28.0996,-16.681,18.4,58,0,2.57,ES,2023-04-06
162,santa cruz cabralia,-16.2781,-39.0247,23.13,100,40,1.54,BR,2023-04-06
163,okhotsk,59.3833,143.3,-11.16,72,4,6.18,RU,2023-04-06
164,saskylakh,71.9167,114.0833,-18.27,94,100,3.16,RU,2023-04-06
165,bethel,41.3712,-73.414,9.32,88,100,2.06,US,2023-04-06
166,los llanos de aridane,28.6585,-17.9182,16.86,77,0,3.09,ES,2023-04-06
167,salalah,17.0151,54.0924,30.05,58,0,5.14,OM,2023-04-06
168,kita,13.0349,-9.4895,32.58,8,95,0.49,ML,2023-04-06
169,wundanyi,-3.4019,38.364,24.94,46,74,2.01,KE,2023-04-06
170,doha,25.2867,51.5333,30.17,43,0,3.09,QA,2023-04-06
171,bambous virieux,-20.3428,57.7575,30.14,66,40,4.63,MU,2023-04-06
172,rajgarh,28.6333,75.3833,33.08,17,4,5.34,IN,2023-04-06
173,puerto escondido,15.85,-97.0667,24.88,80,0,3.2,MX,2023-04-06
174,great falls,47.5002,-111.3008,-0.18,70,0,6.69,US,2023-04-06
175,dakar,14.6937,-17.4441,22.07,88,0,5.14,SN,2023-04-06
176,turukhansk,65.8167,87.9833,-15.58,79,80,9.85,RU,2023-04-06
177,souillac,-20.5167,57.5167,30.21,66,40,4.63,MU,2023-04-06
178,diapaga,12.0708,1.7889,33.85,36,69,3.87,BF,2023-04-06
179,tuy hoa,13.0833,109.3,29.69,68,49,6.39,VN,2023-04-06
180,port hawkesbury,45.6169,-61.3485,-2.23,95,100,2.06,CA,2023-04-06
181,qandala,11.472,49.8728,30.99,51,10,3.82,SO,2023-04-06
182,starogard gdanski,53.964,18.5264,4.92,100,100,3.23,PL,2023-04-06
183,iranshahr,27.2025,60.6848,31.19,14,20,0.0,IR,2023-04-06
184,spasskoye,44.6108,132.7969,3.21,94,100,2.17,RU,2023-04-06
185,nelson bay,-32.7167,152.15,21.11,84,89,1.79,AU,2023-04-06
186,cherskiy,68.75,161.3,-13.03,89,31,1.65,RU,2023-04-06
187,narsaq,60.9167,-46.05,-0.88,87,90,2.08,GL,2023-04-06
188,agropoli,40.3469,14.9966,12.15,50,6,0.98,IT,2023-04-06
189,belaya gora,68.5333,146.4167,-13.72,92,100,6.09,RU,2023-04-06
190,chuy,-33.6971,-53.4616,16.8,70,100,3.03,UY,2023-04-06
191,calama,-22.4667,-68.9333,9.27,76,0,4.63,CL,2023-04-06
192,sumter,28.7086,-82.0831,21.97,88,100,2.8,US,2023-04-06
193,elliot lake,46.3834,-82.6331,-2.96,86,79,6.23,CA,2023-04-06
194,lunavada,23.1333,73.6167,37.17,15,4,3.66,IN,2023-04-06
195,bonavista,48.6499,-53.1147,-4.71,82,8,8.12,CA,2023-04-06
196,concordia,-31.393,-58.0209,18.77,89,91,1.79,AR,2023-04-06
197,mokrousovo,55.8103,66.7653,13.72,59,62,6.04,RU,2023-04-06
198,marsa matruh,31.3525,27.2453,18.11,59,0,4.12,EG,2023-04-06
199,alugan,12.2188,125.4808,26.27,81,100,4.53,PH,2023-04-06
200,choix,26.7092,-108.3219,14.69,27,2,1.98,MX,2023-04-06
201,chokurdakh,70.6333,147.9167,-19.15,98,88,2.07,RU,2023-04-06
202,libertad,8.9442,125.5019,25.97,74,99,2.41,PH,2023-04-06
203,tura,25.5198,90.2201,32.35,17,0,4.18,IN,2023-04-06
204,hualmay,-11.0964,-77.6139,24.4,83,2,4.16,PE,2023-04-06
205,whitianga,-36.8333,175.7,14.72,93,100,6.0,NZ,2023-04-06
206,talcahuano,-36.7167,-73.1167,13.82,100,100,2.06,CL,2023-04-06
207,la paz,-16.5,-68.15,5.99,81,75,2.06,BO,2023-04-06
208,tingi,-11.3,35.0333,17.38,95,100,1.28,TZ,2023-04-06
209,ternate,0.8,127.4,27.2,78,80,4.24,ID,2023-04-06
210,waipawa,-41.4122,175.5153,12.03,93,100,5.18,NZ,2023-04-06
211,wald-michelbach,49.57,8.8317,10.77,52,45,2.67,DE,2023-04-06
212,oranjemund,-28.55,16.4333,23.64,53,42,2.99,NA,2023-04-06
213,meulaboh,4.1363,96.1285,28.57,71,87,3.41,ID,2023-04-06
214,porbandar,21.6422,69.6093,29.53,44,85,4.51,IN,2023-04-06
215,torbay,47.6666,-52.7314,-4.12,78,75,7.2,CA,2023-04-06
216,balkhash,46.844,74.9804,16.34,16,0,3.0,KZ,2023-04-06
217,kolyshley,52.7005,44.5367,16.04,39,100,5.06,RU,2023-04-06
218,progreso,21.2833,-89.6667,25.06,83,100,5.0,MX,2023-04-06
219,dale,38.1689,-86.99,10.25,76,100,4.12,US,2023-04-06
220,sri aman,1.2376,111.4621,26.03,94,20,1.54,MY,2023-04-06
221,marsh harbour,26.5412,-77.0636,24.0,77,1,6.97,BS,2023-04-06
222,talnakh,69.4865,88.3972,-28.22,93,38,7.18,RU,2023-04-06
223,kurchum,48.5722,83.6542,13.1,24,0,6.88,KZ,2023-04-06
224,buraydah,26.326,43.975,30.25,15,95,6.21,SA,2023-04-06
225,neiafu,-18.65,-173.9833,27.46,81,17,6.03,TO,2023-04-06
226,sipoo,60.3775,25.2691,4.96,81,75,5.14,FI,2023-04-06
227,dukat,62.55,155.55,-17.6,100,84,1.5,RU,2023-04-06
228,san patricio,28.017,-97.5169,16.92,84,100,6.26,US,2023-04-06
229,yamada,39.4667,141.95,13.36,84,100,3.92,JP,2023-04-06
230,grand forks,47.9417,-97.4337,-6.15,79,100,6.69,US,2023-04-06
231,orizari,41.9228,22.4469,7.67,51,17,2.27,MK,2023-04-06
232,hami,42.8,93.45,13.27,11,0,2.68,CN,2023-04-06
233,mandalgovi,45.7625,106.2708,-1.35,22,0,4.59,MN,2023-04-06
234,albina,5.5,-54.05,21.14,82,74,0.82,SR,2023-04-06
235,grand-lahou,5.1367,-5.0242,28.96,71,38,2.48,CI,2023-04-06
236,sari,36.5633,53.0601,19.77,68,20,5.14,IR,2023-04-06
237,timbiqui,2.7717,-77.6654,23.15,94,100,1.91,CO,2023-04-06
238,khani,41.9563,42.9566,7.76,75,96,1.59,GE,2023-04-06
239,khatanga,71.9667,102.5,-22.56,86,100,3.62,RU,2023-04-06
240,celestun,20.8667,-90.4,24.82,82,79,7.18,MX,2023-04-06
241,krasnokamensk,50.0979,118.0369,-2.8,42,100,10.72,RU,2023-04-06
242,key west,24.5557,-81.7826,26.67,75,40,8.75,US,2023-04-06
243,daru,-9.0763,143.2092,27.4,82,92,3.51,PG,2023-04-06
244,domoni,-12.2569,44.5319,28.09,76,64,0.54,KM,2023-04-06
245,necochea,-38.5473,-58.7368,14.35,82,3,5.32,AR,2023-04-06
246,nanortalik,60.1432,-45.2371,-1.69,92,100,1.64,GL,2023-04-06
247,lagunas,-5.2269,-75.6753,21.71,98,100,0.71,PE,2023-04-06
248,hibbing,47.4272,-92.9377,-7.22,90,100,6.08,US,2023-04-06
249,cabedelo,-6.9811,-34.8339,24.37,77,50,4.22,BR,2023-04-06
250,isangel,-19.55,169.2667,26.85,82,0,4.86,VU,2023-04-06
251,zhangye,38.9342,100.4517,10.58,13,29,4.83,CN,2023-04-06
252,helong,42.5397,128.9972,5.96,89,100,1.09,CN,2023-04-06
253,clinton,42.587,-82.9199,7.06,72,0,5.66,US,2023-04-06
254,anadyr,64.75,177.4833,-14.72,85,100,2.0,RU,2023-04-06
255,matagami,49.7502,-77.6328,-0.94,93,100,5.66,CA,2023-04-06
256,padang,-0.9492,100.3543,30.03,69,90,2.12,ID,2023-04-06
257,gorontalo,0.5412,123.0595,25.91,92,99,2.03,ID,2023-04-06
258,gamba,-2.65,10.0,28.71,74,100,2.7,GA,2023-04-06
259,dingle,10.9995,122.6711,28.49,64,100,4.08,PH,2023-04-06
260,hasaki,35.7333,140.8333,19.56,75,13,13.09,JP,2023-04-06
261,kulhudhuffushi,6.6221,73.07,28.34,70,3,3.13,MV,2023-04-06
262,sistranda,63.7256,8.834,5.98,72,2,4.01,NO,2023-04-06
263,san rafael,-34.6177,-68.3301,19.01,64,99,2.62,AR,2023-04-06
264,plettenberg bay,-34.0527,23.3716,29.79,31,0,1.33,ZA,2023-04-06
265,sorsk,54.0033,90.2467,10.26,24,88,3.01,RU,2023-04-06
266,casa grande,32.8795,-111.7573,11.13,34,0,1.54,US,2023-04-06
267,norman wells,65.282,-126.8329,-15.98,85,40,1.54,CA,2023-04-06
268,tilichiki,60.4667,166.1,-4.98,96,100,3.68,RU,2023-04-06
269,kahului,20.8947,-156.47,23.8,74,0,8.75,US,2023-04-06
270,obuasi,6.206,-1.6619,28.81,63,74,1.5,GH,2023-04-06
271,nabire,-3.3667,135.4833,24.53,88,100,0.71,ID,2023-04-06
272,mayo,38.8876,-76.5119,23.09,84,0,2.57,US,2023-04-06
273,ponta do sol,32.6667,-17.1,19.51,45,3,2.25,PT,2023-04-06
274,ensley,30.5188,-87.2728,22.94,96,100,3.09,US,2023-04-06
275,namibe,-15.1961,12.1522,27.76,74,81,3.31,AO,2023-04-06
276,port blair,11.6667,92.75,32.02,55,20,2.06,IN,2023-04-06
277,mahanoro,-19.9,48.8,26.48,77,100,0.89,MG,2023-04-06
278,phalodi,27.1333,72.3667,34.14,11,2,0.84,IN,2023-04-06
279,novo aripuana,-5.1206,-60.3797,22.24,99,100,1.06,BR,2023-04-06
280,manokwari,-0.8667,134.0833,25.59,81,100,1.35,ID,2023-04-06
281,qaqortoq,60.7167,-46.0333,-2.74,91,91,1.71,GL,2023-04-06
282,faaborg,55.0951,10.2423,7.0,69,96,5.45,DK,2023-04-06
283,castro,-24.7911,-50.0119,14.52,97,100,2.85,BR,2023-04-06
284,aklavik,68.2191,-135.0107,-17.48,96,100,4.67,CA,2023-04-06
285,ostrovnoy,68.0531,39.5131,-1.82,90,37,8.68,RU,2023-04-06
286,along,28.1667,94.7667,18.65,86,98,1.5,IN,2023-04-06
287,luocheng,29.3848,104.0286,19.25,39,8,1.63,CN,2023-04-06
288,kupang,-10.1667,123.5833,29.32,84,75,2.57,ID,2023-04-06
289,barcelona,41.3888,2.159,16.29,75,20,3.09,ES,2023-04-06
290,corning,42.1428,-77.0547,17.09,100,100,1.54,US,2023-04-06
291,caraquet,47.7941,-64.9386,-1.7,97,100,3.8,CA,2023-04-06
292,sorland,67.667,12.6934,6.92,78,100,5.3,NO,2023-04-06
293,severo-kurilsk,50.6789,156.125,-0.43,66,51,4.09,RU,2023-04-06
294,antofagasta,-23.65,-70.4,18.6,86,36,2.09,CL,2023-04-06
295,soweto,-26.2678,27.8585,22.03,26,0,0.62,ZA,2023-04-06
296,san quintin,30.4833,-115.95,12.41,70,100,2.67,MX,2023-04-06
297,tarko-sale,64.9225,77.785,-20.65,82,61,10.99,RU,2023-04-06
298,burnie,-41.0667,145.9167,16.92,92,100,5.21,AU,2023-04-06
299,lazaro cardenas,17.9583,-102.2,23.11,82,100,0.82,MX,2023-04-06
300,paamiut,61.994,-49.6678,-2.48,71,31,2.0,GL,2023-04-06
301,poum,-20.2333,164.0167,26.42,65,0,6.44,NC,2023-04-06
302,sehithwa,-20.4667,22.7167,29.69,35,0,4.14,BW,2023-04-06
303,karakol,42.4907,78.3936,12.89,27,20,3.94,KG,2023-04-06
304,mehamn,71.0357,27.8492,3.97,65,20,10.29,NO,2023-04-06
305,pokhara,28.2333,83.9833,29.19,20,38,3.11,NP,2023-04-06
306,bredasdorp,-34.5322,20.0403,30.26,26,33,1.79,ZA,2023-04-06
307,varberg,57.1056,12.2508,5.78,92,100,8.43,SE,2023-04-06
308,palana,59.1167,159.9667,-12.66,92,92,3.97,RU,2023-04-06
309,beloha,-25.1667,45.05,32.56,42,67,3.68,MG,2023-04-06
310,vila franca do campo,37.7167,-25.4333,15.23,88,99,1.31,PT,2023-04-06
311,khobi,42.3156,41.8987,15.02,72,99,1.8,GE,2023-04-06
312,vanavara,60.34,102.2797,-1.53,80,100,6.47,RU,2023-04-06
313,rocha,-34.4833,-54.3333,12.36,85,17,0.96,UY,2023-04-06
314,chiredzi,-21.05,31.6667,25.92,44,0,2.9,ZW,2023-04-06
315,kandrian,-6.2167,149.55,26.61,84,99,1.35,PG,2023-04-06
316,nara,34.6851,135.8049,21.65,71,100,2.47,JP,2023-04-06
317,tabou,4.423,-7.3528,28.78,71,51,2.18,CI,2023-04-06
318,yumen,40.2833,97.2,11.73,6,4,7.22,CN,2023-04-06
319,alpena,45.0617,-83.4327,3.18,69,0,6.69,US,2023-04-06
320,hofn,64.2539,-15.2082,4.69,70,89,1.78,IS,2023-04-06
321,calatayud,41.3535,-1.6432,13.46,22,17,1.58,ES,2023-04-06
322,republic,37.12,-93.4802,4.97,64,0,3.6,US,2023-04-06
323,berlevag,70.8578,29.0864,4.0,65,100,4.63,NO,2023-04-06
324,korla,41.7597,86.1469,11.9,10,100,3.51,CN,2023-04-06
325,laguna de duero,41.5815,-4.7233,9.66,24,0,3.09,ES,2023-04-06
326,general pico,-35.6566,-63.7568,16.52,92,97,3.78,AR,2023-04-06
327,ust-maya,60.4167,134.5333,-12.25,86,100,2.24,RU,2023-04-06
328,mutis,6.2262,-77.4044,25.05,88,98,1.96,CO,2023-04-06
329,bac lieu,9.285,105.7244,30.44,61,40,6.41,VN,2023-04-06
330,walvis bay,-22.9575,14.5053,21.31,65,44,3.6,NA,2023-04-06
331,escuinapa,22.85,-105.8,18.5,68,100,0.68,MX,2023-04-06
332,mildura,-34.2,142.15,20.04,69,70,2.9,AU,2023-04-06
333,dzerzhinskoye,56.8344,95.2283,5.69,58,100,4.99,RU,2023-04-06
334,quthing,-30.4,27.7003,21.9,29,0,1.76,LS,2023-04-06
335,raton,36.9034,-104.4391,-4.66,46,0,2.06,US,2023-04-06
336,mantua,45.1667,10.7833,10.75,50,25,1.34,IT,2023-04-06
337,grand-bourg,15.8835,-61.3148,21.97,78,17,8.12,GP,2023-04-06
338,flinders,-34.5833,150.8552,20.77,72,92,3.46,AU,2023-04-06
339,shu,43.5983,73.7614,14.89,51,100,5.97,KZ,2023-04-06
340,roald,62.5833,6.1333,8.52,61,0,4.12,NO,2023-04-06
341,miyako,39.6367,141.9525,13.88,79,100,3.59,JP,2023-04-06
342,bloomfield,40.8068,-74.1854,10.39,94,100,4.63,US,2023-04-06
343,hamilton,39.1834,-84.5333,10.24,79,100,3.13,US,2023-04-06
344,nome,64.5011,-165.4064,-23.96,70,0,1.54,US,2023-04-06
345,huarmey,-10.0681,-78.1522,25.3,81,45,3.56,PE,2023-04-06
346,san diego de los banos,22.6467,-83.3697,20.98,91,12,2.68,CU,2023-04-06
347,thaton,16.9206,97.3714,33.9,44,1,5.18,MM,2023-04-06
348,kanye,-24.9667,25.3327,22.69,41,0,4.53,BW,2023-04-06
349,ambilobe,-13.2,49.05,31.44,56,39,0.29,MG,2023-04-06
350,rawson,-43.3002,-65.1023,18.62,41,89,1.79,AR,2023-04-06
351,fairbanks,64.8378,-147.7164,-7.02,57,75,4.12,US,2023-04-06
352,smoky lake,54.1169,-112.4686,-5.6,93,60,4.12,CA,2023-04-06
353,siderno,38.2779,16.302,12.64,65,23,1.3,IT,2023-04-06
354,wakkanai,45.4094,141.6739,6.99,93,75,5.66,JP,2023-04-06
355,mirnyy,62.5353,113.9611,-5.98,79,100,7.15,RU,2023-04-06
356,aripuana,-9.1667,-60.6333,21.06,100,99,0.91,BR,2023-04-06
357,lata,40.1629,-8.3327,14.9,28,5,1.46,PT,2023-04-06
358,yatou,37.15,122.3833,11.14,46,100,3.08,CN,2023-04-06
359,lagoa,39.05,-27.9833,14.76,85,60,6.53,PT,2023-04-06
360,hongjiang,27.11,109.9956,15.52,73,100,1.18,CN,2023-04-06
361,ixtapa,20.7,-105.2,21.79,81,60,0.52,MX,2023-04-06
362,rudbar,30.15,62.6,29.04,7,0,1.47,AF,2023-04-06
363,la rioja,42.25,-2.5,3.88,17,3,2.0,ES,2023-04-06
364,barra da estiva,-13.6261,-41.3269,16.41,97,54,1.03,BR,2023-04-06
365,limbang,4.75,115.0,29.06,81,95,0.83,MY,2023-04-06
366,sabang,5.8933,95.3214,28.24,73,44,1.85,ID,2023-04-06
367,puerto del rosario,28.5004,-13.8627,18.86,68,20,8.23,ES,2023-04-06
368,dembi dolo,8.5333,34.8,29.73,20,99,1.76,ET,2023-04-06
369,quatre cocos,-20.2078,57.7625,30.06,69,65,4.11,MU,2023-04-06
370,inuvik,68.3499,-133.7218,-16.52,85,100,3.09,CA,2023-04-06
371,darnah,32.767,22.6367,21.16,40,93,6.68,LY,2023-04-06
372,nishihara,26.1842,127.7558,23.81,76,75,8.23,JP,2023-04-06
373,kruisfontein,-34.0033,24.7314,31.05,15,0,4.55,ZA,2023-04-06
374,saint stephen,50.3333,-4.9,11.2,87,40,8.23,GB,2023-04-06
375,furstenwalde,52.3667,14.0667,9.44,56,31,2.46,DE,2023-04-06
376,bestobe,52.4994,73.0975,18.24,21,0,5.57,KZ,2023-04-06
377,codo,-4.4553,-43.8856,21.52,99,96,0.61,BR,2023-04-06
378,victoria,22.2855,114.1577,28.44,87,30,1.34,HK,2023-04-06
379,broome,42.2506,-75.833,16.49,89,96,2.24,US,2023-04-06
380,coquimbo,-29.9533,-71.3436,12.85,100,0,2.06,CL,2023-04-06
381,strezhevoy,60.7333,77.5889,0.03,84,100,6.28,RU,2023-04-06
382,chabahar,25.2919,60.643,25.6,47,0,4.16,IR,2023-04-06
383,emerald,-23.5333,148.1667,28.52,50,73,3.54,AU,2023-04-06
384,san vicente,-26.6167,-54.1333,16.37,99,100,1.97,AR,2023-04-06
385,kapuskasing,49.4169,-82.4331,-0.95,74,100,10.29,CA,2023-04-06
386,comodoro rivadavia,-45.8667,-67.5,13.92,44,0,5.14,AR,2023-04-06
387,vao,-22.6667,167.4833,25.4,75,0,10.34,NC,2023-04-06
388,alofi,-19.0595,-169.9187,24.94,88,12,1.03,NU,2023-04-06
389,vostok,46.4856,135.8833,1.42,98,100,1.51,RU,2023-04-06
390,palasa,18.7667,84.4167,30.91,65,12,3.43,IN,2023-04-06
391,prince rupert,54.3161,-130.3201,6.83,86,100,15.43,CA,2023-04-06
392,sao filipe,14.8961,-24.4956,22.41,77,100,3.16,CV,2023-04-06
393,harper,4.375,-7.7169,28.77,71,73,2.23,LR,2023-04-06
394,senador guiomard,-10.1522,-67.7392,21.86,98,100,0.95,BR,2023-04-06
395,kunyang,27.6658,120.5658,13.91,87,100,2.01,CN,2023-04-06
396,vieques,18.425,-65.8329,25.06,73,75,6.69,PR,2023-04-06
397,bela vista de goias,-16.9728,-48.9533,18.64,92,18,1.5,BR,2023-04-06
398,avera,33.194,-82.5271,20.03,93,97,2.89,US,2023-04-06
399,puerto narino,-3.7703,-70.3831,21.64,99,66,0.22,CO,2023-04-06
400,fort nelson,58.8053,-122.7002,-2.25,76,75,1.03,CA,2023-04-06
401,ushumun,52.7833,126.5333,-2.08,90,100,7.07,RU,2023-04-06
402,viedma,-40.8135,-62.9967,18.28,65,100,6.99,AR,2023-04-06
403,zyryanka,65.75,150.85,-8.83,95,100,4.55,RU,2023-04-06
404,valkeala,60.9401,26.7979,3.22,75,20,3.6,FI,2023-04-06
405,nioro,13.35,-15.75,28.82,16,35,4.15,GM,2023-04-06
406,codrington,-38.2667,141.9667,16.59,81,100,4.43,AU,2023-04-06
407,yuanping,38.7153,112.7575,11.63,26,32,7.65,CN,2023-04-06
408,dergachi,51.2328,48.7659,18.11,36,76,5.92,RU,2023-04-06
409,bonthe,7.5264,-12.505,27.63,68,40,0.9,SL,2023-04-06
410,yurty,56.0498,97.6348,3.82,69,100,3.46,RU,2023-04-06
411,monte redondo,39.8993,-8.8317,15.72,35,5,2.12,PT,2023-04-06
412,zunheboto,25.9667,94.5167,23.52,28,1,1.96,IN,2023-04-06
413,guilin,25.2819,110.2864,18.06,71,69,4.76,CN,2023-04-06
414,tautira,-17.7333,-149.15,28.13,67,15,4.85,PF,2023-04-06
415,jurm,36.8648,70.8342,11.66,53,100,0.96,AF,2023-04-06
416,sigulda,57.1519,24.8647,8.5,79,99,3.44,LV,2023-04-06
417,tezu,27.9167,96.1667,29.13,36,62,1.54,IN,2023-04-06
418,nioki,-2.7167,17.6833,23.57,89,100,1.34,CD,2023-04-06
419,port lincoln,-34.7333,135.8667,18.04,70,100,7.16,AU,2023-04-06
420,rotherham,53.4301,-1.3568,11.0,76,98,5.6,GB,2023-04-06
421,dudinka,69.4058,86.1778,-27.99,92,70,6.07,RU,2023-04-06
422,otaru,43.1894,141.0022,10.91,91,100,3.97,JP,2023-04-06
423,garissa,-0.4536,39.6401,30.54,55,51,2.85,KE,2023-04-06
424,ormara,25.2088,64.6357,24.81,65,0,4.67,PK,2023-04-06
425,mingaora,34.7758,72.3625,19.99,43,99,1.79,PK,2023-04-06
426,husavik,66.0449,-17.3389,-0.28,94,100,1.11,IS,2023-04-06
427,hobyo,5.3505,48.5268,30.49,60,76,4.85,SO,2023-04-06
428,pringsewu,-5.3582,104.9744,27.39,78,97,0.75,ID,2023-04-06
429,sedalia,38.7045,-93.2283,3.95,56,0,1.54,US,2023-04-06
430,touros,-5.1989,-35.4608,24.13,91,100,3.93,BR,2023-04-06
431,lima,-12.0432,-77.0282,24.14,88,0,5.14,PE,2023-04-06
432,aswan,24.0934,32.907,26.61,22,0,6.17,EG,2023-04-06
433,gornopravdinsk,60.05,69.9,-0.1,80,92,6.2,RU,2023-04-06
434,hudiksvall,61.729,17.1036,2.49,71,81,2.41,SE,2023-04-06
435,binga,-17.6203,27.3414,26.51,53,56,4.12,ZW,2023-04-06
436,tindwari,25.6167,80.5333,36.75,10,13,3.93,IN,2023-04-06
437,xingtai,37.0631,114.4942,17.9,27,53,4.25,CN,2023-04-06
438,tombouctou,20.0,-3.0,25.64,18,98,6.09,ML,2023-04-06
439,bathsheba,13.2167,-59.5167,26.34,78,40,7.72,BB,2023-04-06
440,chudovo,59.1167,31.6833,5.46,80,100,3.49,RU,2023-04-06
441,tongren,27.7172,109.1853,16.25,68,96,1.77,CN,2023-04-06
442,basco,20.4487,121.9702,25.88,72,8,4.64,PH,2023-04-06
443,tupik,54.4253,119.9327,-8.15,79,100,4.45,RU,2023-04-06
444,devonport,-41.1667,146.35,16.96,87,100,4.98,AU,2023-04-06
445,malanje,-9.5402,16.341,20.45,85,99,1.77,AO,2023-04-06
446,abalak,58.1286,68.5944,1.46,96,100,5.69,RU,2023-04-06
447,chegem,43.2833,43.1333,-1.93,94,99,1.81,RU,2023-04-06
448,treuchtlingen,48.95,10.9167,6.1,46,3,2.62,DE,2023-04-06
449,luderitz,-26.6481,15.1594,21.89,65,48,3.36,NA,2023-04-06
450,chara,56.9064,118.2631,-9.1,52,34,1.17,RU,2023-04-06
451,le mars,42.7942,-96.1656,-4.57,79,0,2.57,US,2023-04-06
452,geelong,-38.1471,144.3607,21.15,72,100,8.75,AU,2023-04-06
453,lungi,9.2212,-12.6831,28.65,49,66,1.11,SL,2023-04-06
454,katangli,51.7102,143.2326,-2.61,88,100,2.01,RU,2023-04-06
455,sisimiut,66.9395,-53.6735,-15.14,69,89,5.34,GL,2023-04-06
456,yerbogachen,61.2767,108.0108,-3.01,85,100,6.52,RU,2023-04-06
457,araouane,18.9048,-3.5265,26.06,17,98,5.7,ML,2023-04-06
458,noshiro,40.2039,140.0242,15.46,85,100,4.69,JP,2023-04-06
459,san pedro,14.35,121.0167,32.57,57,20,2.57,PH,2023-04-06
460,yabrud,33.9674,36.6574,11.9,36,0,1.7,SY,2023-04-06
461,saint anthony,45.0205,-93.218,-4.21,73,0,6.69,US,2023-04-06
462,volax,41.3167,24.0,6.02,63,54,1.18,GR,2023-04-06
463,odesskoye,54.2111,72.9651,15.61,43,5,4.63,RU,2023-04-06
464,korocha,50.8107,37.1953,13.4,57,100,5.98,RU,2023-04-06
465,the valley,18.217,-63.0578,24.34,75,100,9.98,AI,2023-04-06
466,cayenne,4.9333,-52.3333,22.02,94,0,0.0,GF,2023-04-06
467,bubaque,11.2833,-15.8333,25.46,66,78,2.29,GW,2023-04-06
468,kuandian,40.7286,124.7847,11.03,27,97,3.41,CN,2023-04-06
469,jinchang,38.4953,102.1739,9.25,14,17,5.47,CN,2023-04-06
470,linqiong,30.4159,103.4609,20.9,29,25,2.88,CN,2023-04-06
471,nassau,40.7507,-73.5829,11.96,91,100,1.54,US,2023-04-06
472,ulaangom,49.9811,92.0667,-4.99,66,32,3.0,MN,2023-04-06
473,petropavl,54.8753,69.1628,15.99,36,0,5.0,KZ,2023-04-06
474,mbandaka,0.0487,18.2603,26.95,70,100,2.46,CD,2023-04-06
475,ust-tsilma,65.441,52.1498,-8.21,80,87,1.89,RU,2023-04-06
476,san nicolas,18.1725,120.5953,30.95,62,40,4.63,PH,2023-04-06
477,sinnamary,5.3833,-52.95,24.87,70,98,4.99,GF,2023-04-06
478,maltahohe,-24.8333,16.9833,29.55,12,23,4.99,NA,2023-04-06
479,sassandra,4.95,-6.0833,28.98,70,48,1.78,CI,2023-04-06
480,kudahuvadhoo,2.6708,72.8944,28.09,66,5,0.96,MV,2023-04-06
481,boa vista,2.8197,-60.6733,24.99,73,20,6.69,BR,2023-04-06
482,yar-sale,66.8333,70.8333,-22.56,88,7,6.33,RU,2023-04-06
483,ulladulla,-35.35,150.4667,19.87,76,100,4.44,AU,2023-04-06
484,changzhou,31.7833,119.9667,10.18,94,100,2.25,CN,2023-04-06
485,westport,41.1415,-73.3579,12.02,92,100,3.6,US,2023-04-06
486,clonakilty,51.6231,-8.8706,7.56,76,27,3.54,IE,2023-04-06
487,hervey bay,-25.2986,152.8535,23.95,71,100,5.04,AU,2023-04-06
488,bontang,0.1333,117.5,27.61,75,85,2.33,ID,2023-04-06
489,livingston,55.9029,-3.5226,8.78,87,20,4.12,GB,2023-04-06
490,te anau,-45.4167,167.7167,4.63,92,34,1.84,NZ,2023-04-06
491,lingdong,46.5669,131.1453,10.18,21,95,2.23,CN,2023-04-06
492,alta floresta,-9.8756,-56.0861,20.19,98,55,1.11,BR,2023-04-06
493,ambon,-3.6954,128.1814,25.08,94,40,1.54,ID,2023-04-06
494,novaya igirma,57.1334,103.9112,-0.18,70,100,4.49,RU,2023-04-06
495,pampas,-12.4,-74.9,6.21,78,12,2.53,PE,2023-04-06
496,pacifica,37.6138,-122.4869,9.52,86,100,2.24,US,2023-04-06
497,cochrane,51.1834,-114.4687,-3.42,86,75,0.0,CA,2023-04-06
498,dymer,50.7865,30.3026,12.75,83,100,6.62,UA,2023-04-06
499,dunedin,-45.8742,170.5036,8.22,66,18,3.13,NZ,2023-04-06
500,marrakesh,31.6315,-8.0083,14.04,88,100,2.06,MA,2023-04-06
501,lavrentiya,65.5833,-171.0,-26.78,98,35,2.79,RU,2023-04-06
502,puerto penasco,31.3167,-113.5333,17.05,32,22,5.27,MX,2023-04-06
503,mecca,21.4267,39.8261,32.44,34,6,4.12,SA,2023-04-06
504,zhuhai,22.2769,113.5678,28.25,94,40,3.6,CN,2023-04-06
505,sioux lookout,50.1001,-91.917,-11.96,92,100,4.12,CA,2023-04-06
506,margate,51.3813,1.3862,9.94,93,100,2.24,GB,2023-04-06
507,raudeberg,61.9875,5.1352,7.37,67,0,2.08,NO,2023-04-06
508,joshimath,30.5667,79.5667,17.05,40,78,4.32,IN,2023-04-06
509,vestmannaeyjar,63.4427,-20.2734,3.55,87,40,0.51,IS,2023-04-06
510,pinhao,-25.6956,-51.6597,14.87,98,100,2.53,BR,2023-04-06
511,loksa,59.5764,25.7214,3.29,91,100,5.19,EE,2023-04-06
512,half moon bay,37.4636,-122.4286,9.62,82,100,0.0,US,2023-04-06
513,aldan,58.6031,125.3894,-12.68,81,100,3.4,RU,2023-04-06
514,faya,18.3851,42.4509,21.06,46,13,4.92,SA,2023-04-06
515,stettler,52.3168,-112.7186,-8.14,100,47,2.57,CA,2023-04-06
516,xining,36.6167,101.7667,9.45,15,50,2.72,CN,2023-04-06
517,chippewa falls,44.9369,-91.3929,-2.57,72,100,6.17,US,2023-04-06
518,miri,4.4148,114.0089,29.08,74,40,2.57,MY,2023-04-06
519,vestmanna,62.1564,-7.1664,6.51,93,100,1.03,FO,2023-04-06
520,banda aceh,5.5577,95.3222,28.85,70,86,2.23,ID,2023-04-06
521,yakeshi,49.2833,120.7333,-2.56,54,100,10.36,CN,2023-04-06
522,erzin,36.9559,36.2,14.94,77,67,7.07,TR,2023-04-06
523,thunder bay,48.4001,-89.3168,-3.01,68,100,6.69,CA,2023-04-06
524,czluchow,53.6672,17.3588,4.43,46,66,2.29,PL,2023-04-06
525,warmbad,-28.45,18.7333,31.79,7,39,3.09,NA,2023-04-06
526,koroni,36.8,21.95,13.84,65,3,7.09,GR,2023-04-06
527,kawalu,-7.3817,108.2082,26.75,74,98,2.1,ID,2023-04-06
528,terney,45.0503,136.6092,3.78,98,100,2.24,RU,2023-04-06
529,ponazyrevo,58.3578,46.3142,3.88,55,98,4.01,RU,2023-04-06
530,zdvinsk,54.7021,78.661,10.16,61,8,5.29,RU,2023-04-06
531,puerto colombia,10.9878,-74.9547,25.05,82,13,11.43,CO,2023-04-06
532,camacha,33.0833,-16.3333,15.68,67,20,8.23,PT,2023-04-06
533,kemijarvi,66.7131,27.4306,0.69,100,93,3.1,FI,2023-04-06
534,evensk,61.95,159.2333,-12.65,93,29,3.15,RU,2023-04-06
535,menongue,-14.6585,17.691,26.13,47,78,3.56,AO,2023-04-06
536,tessalit,20.1986,1.0114,30.18,8,66,3.5,ML,2023-04-06
537,alihe,50.5667,123.7167,2.89,45,100,4.73,CN,2023-04-06
538,marystown,47.1666,-55.1483,-2.86,100,100,5.82,CA,2023-04-06
539,ugoofaaru,5.6667,73.0,28.29,72,7,2.47,MV,2023-04-06
540,cairo,30.0626,31.2497,23.42,28,0,2.57,EG,2023-04-06
541,narasannapeta,18.4167,84.05,32.66,57,4,7.46,IN,2023-04-06
542,gizo,-8.103,156.8419,27.79,78,98,1.5,SB,2023-04-06
543,gomel,52.4345,30.9754,13.99,68,0,9.0,BY,2023-04-06
544,mayor pablo lagerenza,-19.9309,-60.7718,20.27,95,100,2.65,PY,2023-04-06
545,farafangana,-22.8167,47.8333,25.25,84,100,2.34,MG,2023-04-06
546,amberley,39.2048,-84.428,9.97,78,100,5.66,US,2023-04-06
547,tucuman,-26.8241,-65.2226,19.0,100,100,1.54,AR,2023-04-06
548,verkhoyansk,67.5447,133.385,-13.59,85,100,0.84,RU,2023-04-06
549,newcastle,-32.9272,151.7765,20.95,78,91,2.06,AU,2023-04-06
550,iqaluit,63.7506,-68.5145,-18.15,78,100,4.12,CA,2023-04-06
551,oissel,49.3333,1.1,11.34,87,100,4.63,FR,2023-04-06
552,lisakovsk,52.5369,62.4936,15.76,43,68,2.82,KZ,2023-04-06
553,rio grande city,26.3798,-98.8203,16.88,88,100,5.15,US,2023-04-06
554,bunia,1.5667,30.25,25.74,55,100,3.85,CD,2023-04-06
555,sulangan,11.1373,123.7228,27.04,74,99,3.87,PH,2023-04-06
556,tual,-5.6667,132.75,26.17,83,100,11.05,ID,2023-04-06
557,twentynine palms,34.1356,-116.0542,12.18,25,63,1.96,US,2023-04-06
558,tula,54.2044,37.6111,9.89,75,100,6.31,RU,2023-04-06
559,vrangel,42.7297,133.0839,4.62,96,100,2.08,RU,2023-04-06
560,adrar,20.5022,-10.0711,19.42,43,18,6.48,MR,2023-04-06
561,nautla,20.2167,-96.7833,23.28,95,27,4.38,MX,2023-04-06
562,kindu,-2.95,25.95,27.38,59,100,2.46,CD,2023-04-06
563,san cristobal,7.7669,-72.225,19.45,80,93,0.77,VE,2023-04-06
564,ferry pass,30.5102,-87.2125,22.99,96,100,2.57,US,2023-04-06
565,kijang,35.2442,129.2139,15.85,71,78,6.54,KR,2023-04-06
566,chapais,49.7834,-74.8492,-4.12,95,100,5.42,CA,2023-04-06
